嘉盛逸林园,湖南,长沙,芙蓉区,湖南省长沙市芙蓉区万家丽北路与公园路交汇处东北角
都市晨光,湖南,长沙,芙蓉区,长沙市芙蓉区远大路253号
宏华花苑,湖南,长沙,芙蓉区,长沙市芙蓉区维力巷8号
浏阳河婚庆园,湖南,长沙,芙蓉区,芙蓉区浏阳河大道二段305号
福泽园,湖南,长沙,开福区,长沙市开福区陡岭路20号
建鸿达现代公寓大厦,湖南,长沙,开福区,长沙市开福区芙蓉北路65号
长大卧琥城小区,湖南,长沙,开福区,湖南省长沙市开福区万家丽北路二段368号
奥莱名苑小区,湖南,长沙,天心区,天心区先锋小学背后
黑金时代,湖南,长沙,天心区,湖南省长沙市天心区万家丽南路二段1029
长沙国际企业中心,湖南,长沙,天心区,天心区环保中路188
长沙国际研创中心,湖南,长沙,天心区,天心区金海路128号
长沙国际创新城,湖南,长沙,雨花区,湖南省长沙市雨花区振华路519号
泊爱蓝湾,湖南,长沙,芙蓉区,芙蓉区嘉雨路488号
网技支队,湖南,长沙,雨花区,湖南省长沙市雨花区城南中路189号
润和之悦,湖南,长沙,望城区,长沙市望城区普瑞大道288号
德惠雅苑,湖南,长沙,岳麓区,长沙市岳麓区莲坪大道53号
星工厂,湖南,长沙,长沙县,长沙市长沙县蓝田北路1号
静园小区,湖南,长沙,岳麓区,长沙市岳麓区雷锋大道446号
龙湾1号公馆大厦,湖南,长沙,开福区,开福区福元西路108号
秀峰街道办事处,湖南,长沙,开福区,湖南省长沙市开福区秀峰街道龙福小区10栋
欧洲城,湖南,长沙,天心区,长沙市五凌路328号
湘府九号,湖南,长沙,天心区,天心区政府对面
金三华邸,湖南,长沙,长沙县,湖南省长沙市长沙县时中南路91号
金石雅苑,湖南,长沙,雨花区,湖南省长沙市雨花区万家丽中路二段327
明媚星城,湖南,长沙,天心区,长沙天心侯家塘向东南路216号
润芳园,湖南,长沙,岳麓区,枫林三路1015号
双盈卧龙湾,湖南,长沙,望城区,湖南省长沙市望城区金星北路305号
水岸天际,湖南,长沙,雨花区,湘府东路108号
泰禹家园（二期）,湖南,长沙,雨花区,长塘路与香月路交叉口西100米
泰禹家园（三期）,湖南,长沙,雨花区,长塘路46号
泰禹家园（一期）,湖南,长沙,雨花区,长塘路46号
天城尚品,湖南,长沙,天心区,杉木冲中路288号
东方银座小区,湖南,长沙,芙蓉区,长沙芙蓉芙蓉区政府远大路226号
华银天际,湖南,长沙,雨花区,湘府路与万家丽路交汇处
益佳苑小区,湖南,长沙,雨花区,长沙雨花窑岭城南中路236号
地质家园,湖南,长沙,雨花区,长沙雨花区人民中路152号
鸿景雅苑,湖南,长沙,雨花区,长沙雨花区人民中路72号
活力康城小区,湖南,长沙,雨花区,长沙市雨花区芙蓉中路449号
麓山枫情,湖南,长沙,岳麓区,南园路128号
松雅湖畔,湖南,长沙,长沙县,长沙市长沙县星沙大道208号
威尔士春天,湖南,长沙,开福区,长沙市开福区万家丽北路212号
月湖兰庭,湖南,长沙,开福区,湖南省长沙市万家丽北路899号
郡原广场,湖南,长沙,岳麓区,长沙市岳麓区金星中路468号
星蓝湾,湖南,长沙,岳麓区,长沙岳麓滨江新区银杉路2号
麓谷明珠,湖南,长沙,岳麓区,长沙市枫林3路398号
长沙四鑫物业管理有限公司（润芳园）,湖南,长沙,岳麓区,长沙市岳麓区枫林三路1015号
湖南均豪物业管理有限公司（馨香雅苑),湖南,长沙,岳麓区,长沙市岳麓区岳麓岳麓咸嘉湖西路148号
湖南东诚物业服务有限公司（松雅湖畔）,湖南,长沙,长沙县,长沙市长沙县星沙大道与特立路交汇处东北角
湖南泰弘物业管理有限公司（威尔士春天）,湖南,长沙,开福区,长沙市开福区开福万家丽北路212号
长沙四鑫物业管理有限公司（月湖兰庭）,湖南,长沙,开福区,长沙市开福区万家丽北路与三一大道交叉路口东北角
湖南七彩文旅物业管理有限公司（郡原广场）,湖南,长沙,岳麓区,长沙市岳麓区金星大道468号
湖南七彩文旅物业管理有限公司岳麓分公司（星蓝湾）,湖南,长沙,岳麓区,长沙市岳麓区银杉路2号
武汉东湖高新物业管理有限公司长沙分公司（长沙国际创新城）,湖南,长沙,雨花区,长沙市雨花区振华路519号
长沙市万厦园丁物业管理有限公司(福泽园),湖南,长沙,开福区,长沙市开福区陡岭支路与陡岭路交叉口东南150米
湖南鲲鹏物业服务有限公司（麓谷明珠）,湖南,长沙,岳麓区,长沙市岳麓区麓谷大道与枫林三路交叉处西北角
