（刘河锦绣新城）,湖北省,黄冈市,蕲春县,湖北锦绣新城
艾晶大酒店,湖北省,黄冈市,蕲春县,湖北蕲春
八斗地还建小区,湖北省,黄冈市,蕲春县,中国湖北省黄冈市蕲春县
博雅芳邻,湖北省,黄冈市,蕲春县,中国湖北省黄冈市蕲春县
城市花园,湖北省,黄冈市,蕲春县,中国湖北省黄冈市蕲春县
城市之星,湖北省,黄冈市,蕲春县,中国湖北省黄冈市蕲春县
大上海商务会所,湖北省,黄冈市,蕲春县,中国湖北省黄冈市蕲春县
登贵园,湖北省,黄冈市,蕲春县,中国湖北省黄冈市蕲春县
东方花园,湖北省,黄冈市,蕲春县,中国湖北省黄冈市蕲春县
枫树林老年公寓,湖北省,黄冈市,蕲春县,蕲春县
付畈公共租赁房,湖北省,黄冈市,蕲春县,蕲春县漕河镇付畈
付畈顺祥小区,湖北省,黄冈市,蕲春县,蕲春县漕河镇付畈大道
富丽水岸,湖北省,黄冈市,蕲春县,蕲州二里湖大道
国网湖北省电力公司黄冈供电公司,湖北省,黄冈市,蕲春县,湖北黄冈
鸿海宾馆,湖北省,黄冈市,蕲春县,中国湖北省黄冈市蕲春县
湖北第二师范学院,湖北省,黄冈市,蕲春县,湖北第二师范学院图书馆
湖北东福春保健有限公司,湖北省,黄冈市,蕲春县,中国湖北省黄冈市蕲春县
湖北福迪城乡建设投资有限公司,湖北省,黄冈市,蕲春县,中国湖北省黄冈市蕲春县
湖北好又多超市,湖北省,黄冈市,蕲春县,湖北蕲春
湖北华宏物质有限公司,湖北省,黄冈市,蕲春县,蕲春县漕河镇杨四岭
湖北金管家酒店管理有限公司琴海大酒店,湖北省,黄冈市,蕲春县,中国湖北省黄冈市蕲春县
湖北李时珍国际医药港有限公司紫荆苑,湖北省,黄冈市,蕲春县,中国湖北省黄冈市蕲春县
湖北李时珍蕲艾产业园有限公司,湖北省,黄冈市,蕲春县,中国湖北省黄冈市蕲春县
湖北丽都房地产有限公司,湖北省,黄冈市,蕲春县,中国湖北省黄冈市蕲春县
湖北龙全房地产开发有限公司,湖北省,黄冈市,蕲春县,蕲州二里湖大道
湖北美春服饰集团有限公司,湖北省,黄冈市,蕲春县,中国湖北省黄冈市蕲春县
湖北蕲春农村商业银行,湖北省,黄冈市,蕲春县,蕲春大道
湖北蕲春鑫源公馆,湖北省,黄冈市,蕲春县,湖北蕲春鑫源公馆
湖北赛尚服饰集团有限公司,湖北省,黄冈市,蕲春县,中国湖北省黄冈市蕲春县
湖北望江山生态养老度假中心,湖北省,黄冈市,蕲春县,湖北浠水
湖北浠水精神病医院,湖北省,黄冈市,蕲春县,湖北浠水
湖北湘里味道餐饮管理有限公司,湖北省,黄冈市,蕲春县,中国湖北省黄冈市蕲春县
湖北小公牛鞋业有限责任公司,湖北省,黄冈市,蕲春县,湖北蕲春
黄冈东源大酒店有限公司,湖北省,黄冈市,蕲春县,中国湖北省黄冈市蕲春县
黄冈市春尔美节能电器有限公司（吴中火）,湖北省,黄冈市,蕲春县,湖北黄冈
黄冈市农业局,湖北省,黄冈市,蕲春县,湖北黄冈
黄冈市社会福利中心（医院）,湖北省,黄冈市,蕲春县,湖北黄冈
黄冈香格里拉国际音乐会,湖北省,黄冈市,蕲春县,湖北黄冈
黄晶府大酒店,湖北省,黄冈市,蕲春县,中国湖北省黄冈市蕲春县
黄朝清（私人）,湖北省,黄冈市,蕲春县,蕲春县
黄州东坡外滩,湖北省,黄冈市,蕲春县,湖北黄冈
黄州新港路2号农业银行,湖北省,黄冈市,蕲春县,湖北黄冈
佳合物流,湖北省,黄冈市,蕲春县,中国湖北省黄冈市蕲春县
今朝会所,湖北省,黄冈市,蕲春县,中国湖北省黄冈市蕲春县
锦江名居,湖北省,黄冈市,蕲春县,中国湖北省黄冈市蕲春县
锦绣苑,湖北省,黄冈市,蕲春县,湖北黄冈
靓之彩服饰有限公司,湖北省,黄冈市,蕲春县,湖北浠水
蓝波湾宾馆,湖北省,黄冈市,蕲春县,中国湖北省黄冈市蕲春县
李时珍医药港还建小区,湖北省,黄冈市,蕲春县,湖北蕲春
李时珍医药集团有限公司,湖北省,黄冈市,蕲春县,中国湖北省黄冈市蕲春县
李席国,湖北省,黄冈市,蕲春县,湖北浠水
龙全大酒店,湖北省,黄冈市,蕲春县,中国湖北省黄冈市蕲春县
龙源商务大酒店,湖北省,黄冈市,蕲春县,中国湖北省黄冈市蕲春县
罗田司法局,湖北省,黄冈市,蕲春县,罗田县
民生广场,湖北省,黄冈市,蕲春县,中国湖北省黄冈市蕲春县
盘龙小区,湖北省,黄冈市,蕲春县,湖北浠水
彭思骊城小区,湖北省,黄冈市,蕲春县,湖北蕲春
彭誉明私人,湖北省,黄冈市,蕲春县,蕲春县实验中学
蓬莱酒店,湖北省,黄冈市,蕲春县,蕲春县建材城
蕲春滨江御景,湖北省,黄冈市,蕲春县,中国湖北省黄冈市蕲春县
蕲春陈为群,湖北省,黄冈市,蕲春县,中国湖北省黄冈市蕲春县
蕲春大道烟草大楼,湖北省,黄冈市,蕲春县,湖北蕲春
蕲春登贵园建设发展有限公司,湖北省,黄冈市,蕲春县,中国湖北省黄冈市蕲春县
蕲春东昌汽车运输有限公司,湖北省,黄冈市,蕲春县,七里桥
蕲春东昌永兴宾馆,湖北省,黄冈市,蕲春县,中国湖北省黄冈市蕲春县
蕲春建材装饰城,湖北省,黄冈市,蕲春县,中国湖北省黄冈市蕲春县
蕲春龙廷大酒店,湖北省,黄冈市,蕲春县,中国湖北省黄冈市蕲春县
蕲春县宝康商务宾馆,湖北省,黄冈市,蕲春县,中国湖北省黄冈市蕲春县
蕲春县漕河七路伍总,湖北省,黄冈市,蕲春县,蕲春县
蕲春县第三高级中学,湖北省,黄冈市,蕲春县,蕲春刘河
蕲春县东昌汽运有限公司,湖北省,黄冈市,蕲春县,蕲春县东昌汽车运输有限公司
蕲春县妇幼保健院,湖北省,黄冈市,蕲春县,中国湖北省黄冈市蕲春县
蕲春县供电公司,湖北省,黄冈市,蕲春县,中国湖北省黄冈市蕲春县
蕲春县公安局,湖北省,黄冈市,蕲春县,蕲春县中轴线
蕲春县广播电视局,湖北省,黄冈市,蕲春县,湖北省黄冈市蕲春县
蕲春县国家税务局,湖北省,黄冈市,蕲春县,湖北省黄冈市蕲春县
蕲春县和平饭店,湖北省,黄冈市,蕲春县,湖北省黄冈市蕲春县
蕲春县红旗宾馆,湖北省,黄冈市,蕲春县,湖北省黄冈市蕲春县
蕲春县计生局,湖北省,黄冈市,蕲春县,湖北省黄冈市蕲春县
蕲春县交通警察大队,湖北省,黄冈市,蕲春县,湖北省黄冈市蕲春县
蕲春县交通运输局,湖北省,黄冈市,蕲春县,中国湖北省黄冈市蕲春县
蕲春县蕲州百货大楼,湖北省,黄冈市,蕲春县,中国湖北省黄冈市蕲春县
蕲春县人民广场,湖北省,黄冈市,蕲春县,湖北蕲春
蕲春县人民检察院,湖北省,黄冈市,蕲春县,中国湖北省黄冈市蕲春县
蕲春县人民医院,湖北省,黄冈市,蕲春县,中国湖北省黄冈市蕲春县
蕲春县人民政府办公室（会展中心）,湖北省,黄冈市,蕲春县,中国湖北省黄冈市蕲春县
蕲春县实验小学,湖北省,黄冈市,蕲春县,蕲春县漕河镇付畈大道
蕲春县世府购物广场有限公司,湖北省,黄冈市,蕲春县,湖北蕲春
蕲春县香格里拉新城,湖北省,黄冈市,蕲春县,中国湖北省黄冈市蕲春县
蕲春县亚洲大酒店,湖北省,黄冈市,蕲春县,中国湖北省黄冈市蕲春县
蕲春县云雾山茶叶股份有限公司,湖北省,黄冈市,蕲春县,蕲春雾云山茶叶有限公司
蕲春县质量技术监督局,湖北省,黄冈市,蕲春县,湖北蕲春
蕲春县住房和城乡建设局,湖北省,黄冈市,蕲春县,中国湖北省黄冈市蕲春县
蕲春县棕盛广场新世界唱响KTV,湖北省,黄冈市,蕲春县,中国湖北省黄冈市蕲春县
蕲春新概念儿童生活馆,湖北省,黄冈市,蕲春县,湖北蕲春
蕲春张榜时代广场,湖北省,黄冈市,蕲春县,蕲北时代广场5号楼1单元
蕲河金岸,湖北省,黄冈市,蕲春县,蕲河金岸
蕲阳新区,湖北省,黄冈市,蕲春县,中国湖北省黄冈市蕲春县
蕲阳新区二期,湖北省,黄冈市,蕲春县,蕲春县漕河镇付畈大道北段
蕲州湖景广场,湖北省,黄冈市,蕲春县,湖北蕲州
麒麟园,湖北省,黄冈市,蕲春县,中国湖北省黄冈市蕲春县
清华花园小区,湖北省,黄冈市,蕲春县,湖北黄冈
饶金国,湖北省,黄冈市,蕲春县,湖北浠水
十里贩还建小区,湖北省,黄冈市,蕲春县,湖北蕲春
私人（丁伦华）,湖北省,黄冈市,蕲春县,蕲春县漕河镇新一路
天辰商务宾馆,湖北省,黄冈市,蕲春县,中国湖北省黄冈市蕲春县
铁路医院,湖北省,黄冈市,蕲春县,中国湖北省黄冈市蕲春县
万豪公馆,湖北省,黄冈市,蕲春县,中国湖北省黄冈市蕲春县
万豪郦晶,湖北省,黄冈市,蕲春县,中国湖北省黄冈市蕲春县
万家酒店,湖北省,黄冈市,蕲春县,黄冈市黄州区宝塔路71号
薇庭酒店,湖北省,黄冈市,蕲春县,蕲春县三路
文民,湖北省,黄冈市,蕲春县,湖北蕲春
吴长青,湖北省,黄冈市,蕲春县,中国湖北省黄冈市蕲春县
武汉欢乐格林酒店有限公司,湖北省,黄冈市,蕲春县,1+8城市酒店内
武汉普提金物业服务有限公司,湖北省,黄冈市,蕲春县,春树里小区
武汉仁和路建材家居市场有限公司,湖北省,黄冈市,蕲春县,仁和路建材家居市场
武汉市九鸿园物业管理有限公司,湖北省,黄冈市,蕲春县,东湖庭园
武汉市九鸿园物业管理有限公司,湖北省,黄冈市,蕲春县,东湖庭园二期
武汉兆富国际大厦,湖北省,黄冈市,蕲春县,兆富国际大厦
武龙广场,湖北省,黄冈市,蕲春县,武穴市武龙广场二单元
武穴市黑猫尚品西餐厅,湖北省,黄冈市,蕲春县,中国湖北省黄冈市蕲春县
武穴市洪武新城,湖北省,黄冈市,蕲春县,中国湖北省黄冈市武穴市栖贤路62号
武穴市石佛寺中心卫生院,湖北省,黄冈市,蕲春县,湖北武穴
浠水迷你时代主题定制酒店,湖北省,黄冈市,蕲春县,浠水县
浠水如家宾馆,湖北省,黄冈市,蕲春县,湖北浠水丽文大道
浠水双桂楼,湖北省,黄冈市,蕲春县,中国湖北省黄冈市浠水县
浠水县骨科医院,湖北省,黄冈市,蕲春县,湖北浠水丽文大道
浠水县宏鹏大厦,湖北省,黄冈市,蕲春县,湖北浠水丽文大道平安巷48#
浠水县环球娱乐责任有限公司,湖北省,黄冈市,蕲春县,浠水县丽文大道143号
浠水县金桥耐磨钢配件厂,湖北省,黄冈市,蕲春县,中国湖北省黄冈市浠水县
浠水县康复医院,湖北省,黄冈市,蕲春县,湖北浠水闻一多大道166#
浠水县清泉镇卫生院,湖北省,黄冈市,蕲春县,中国湖北省黄冈市浠水县
浠水县人民医院,湖北省,黄冈市,蕲春县,湖北浠水
浠水县特殊教育学校,湖北省,黄冈市,蕲春县,湖北浠水
浠水县新农村电影院线有限公司,湖北省,黄冈市,蕲春县,湖北浠水
浠水县鑫源商务宾馆,湖北省,黄冈市,蕲春县,湖北浠水
浠水县烟草专卖局,湖北省,黄冈市,蕲春县,中国湖北省黄冈市蕲春县
浠水县雨露学校,湖北省,黄冈市,蕲春县,湖北浠水
浠水盈德.花满庭,湖北省,黄冈市,蕲春县,湖北浠水
新八世纪华城,湖北省,黄冈市,蕲春县,蕲春县漕河镇枫树林社区居委会
学府佳苑,湖北省,黄冈市,蕲春县,蕲春县漕河镇
御景湾花园小区,湖北省,黄冈市,蕲春县,湖北蕲春
张榜世纪大楼,湖北省,黄冈市,蕲春县,蕲春县张榜镇
中共蕲春县老干部工作局,湖北省,黄冈市,蕲春县,蕲春大道
中国农业银行黄冈市浠水县分行,湖北省,黄冈市,蕲春县,中国湖北省黄冈市浠水县农业银行
中天国际,湖北省,黄冈市,蕲春县,湖北蕲春
中铁十一局集团武汉物业管理有限公司（蕲春棕盛广场）,湖北省,黄冈市,蕲春县,湖北蕲春
综合楼,湖北省,黄冈市,蕲春县,湖北黄冈
走马岭（童总）,湖北省,黄冈市,蕲春县,蕲春
