阜南县友和国贸商厦购物中心,河南省,信阳市,淮滨县,阜南县王堰镇关堂街上老税务所
淮滨县滨都公馆,河南省,信阳市,淮滨县,淮滨县朝阳路
淮滨县财政局（施耐德）,河南省,信阳市,淮滨县,淮河大道
淮滨县残疾人联合会,河南省,信阳市,淮滨县,淮滨县北城青年街中段
淮滨县产业集聚区1#厂房,河南省,信阳市,淮滨县,淮滨县产业集聚区
淮滨县产业集聚区2#厂房,河南省,信阳市,淮滨县,淮滨县产业集聚区
淮滨县产业集聚区3#厂房,河南省,信阳市,淮滨县,淮滨县产业集聚区
淮滨县产业集聚区4#厂房,河南省,信阳市,淮滨县,淮滨县产业集聚区
淮滨县产业集聚区5#厂房,河南省,信阳市,淮滨县,淮滨县产业集聚区
淮滨县产业集聚区6#厂房,河南省,信阳市,淮滨县,淮滨县产业集聚区
淮滨县产业集聚区新标准厂房第三栋外加货梯,河南省,信阳市,淮滨县,淮滨县产业集聚区
淮滨县产业集聚区综合公共服务中心,河南省,信阳市,淮滨县,淮滨县产业集聚区
淮滨县程现业,河南省,信阳市,淮滨县,民政路花样年华附近
淮滨县档案局,河南省,信阳市,淮滨县,淮滨县行政新区
淮滨县第二高级中学,河南省,信阳市,淮滨县,民政路
淮滨县和谐大酒店,河南省,信阳市,淮滨县,淮滨县桂花路卫生局旁
淮滨县江淮名都,河南省,信阳市,淮滨县,文化路与216省道交叉口
淮滨县锦绣龙城,河南省,信阳市,淮滨县,朝阳街
淮滨县龙泉家园,河南省,信阳市,淮滨县,淮河大道
淮滨县龙泉家园二期,河南省,信阳市,淮滨县,河南省淮滨县龙泉路
淮滨县龙泉家园三期,河南省,信阳市,淮滨县,淮河大道
淮滨县蓬莲园,河南省,信阳市,淮滨县,淮滨县淮河大道
淮滨县市场发展服务中心（沙特）,河南省,信阳市,淮滨县,淮滨县淮河大道
淮滨县万福家园,河南省,信阳市,淮滨县,洪河路
淮滨县王店街道王成江,河南省,信阳市,淮滨县,王店街道
淮滨县王店粮管所门面房,河南省,信阳市,淮滨县,王店街道
淮滨县王振,河南省,信阳市,淮滨县,龙泉路民义街
淮滨县五谷春酒业股份有限公司,河南省,信阳市,淮滨县,淮滨县金谷春大道东段
淮滨县豫南商都,河南省,信阳市,淮滨县,乌龙大道与金谷春大道交汇处
淮滨县周殿仁,河南省,信阳市,淮滨县,城关镇任堰村
淮滨县周末阳光宾馆,河南省,信阳市,淮滨县,淮滨县乌龙大道新县委西  
吉士风,河南省,信阳市,淮滨县,淮滨县吉庙街道
信阳市运输集团有限责任公司淮滨汽车站,河南省,信阳市,淮滨县,淮滨县北城
